t,Vin,Vout RC = 1,Vout RC = 0.1,Vout RC = 0.01
0.0,1.0,0.0,0.0,0.0
0.01,1.0,0.009950166250000001,0.0951625,0.625
0.02,1.0,0.019801326691597364,0.18126909859375,0.859375
0.03,1.0,0.029554466449045406,0.2591815779988223,0.947265625
0.04,1.0,0.03921056084444736,0.3296797110825094,0.980224609375
0.05,1.0,0.04877057549528937,0.3934690655766201,0.992584228515625
0.06,1.0,0.058235466411003065,0.45118806562368496,0.9972190856933594
0.07,1.0,0.0676061800885673,0.503414381328771,0.9989571571350098
0.08,1.0,0.07688365360715861,0.5506707102655719,0.9996089339256287
0.09,1.0,0.08606881472185997,0.5934300087999245,0.9998533502221107
0.1,1.0,0.09516258195643701,0.6321202255875017,0.9999450063332915
0.11,1.0,0.10416586469519121,0.6671285846200311,0.9999793773749843
0.12,1.0,0.11307956327389905,0.6988054606861274,0.9999922665156191
0.13,1.0,0.12190456906984636,0.7274678860335838,0.9999970999433572
0.14,1.0,0.13064176459096677,0.7534027233289129,0.9999989124787589
0.15,1.0,0.1392920235640933,0.7768695366701253,0.9999995921795346
0.16,1.0,0.14785621102233165,0.7981031893867545,0.9999998470673255
0.17,1.0,0.15633518339156438,0.8173161946267374,0.999999942650247
0.18,1.0,0.16472978857609408,0.8347008422555705,0.9999999784938427
0.19,1.0,0.17304086604343458,0.8504311233544247,0.999999991935191
0.2,1.0,0.18126924690825844,0.8646644715782092,0.9999999969756966
0.21,1.0,0.18941575401550897,0.8775433388016479,0.9999999988658863
0.22,1.0,0.19748120202268554,0.889196620822936,0.9999999995747073
0.23,1.0,0.20546639748131,0.8997409473938733,0.9999999998405152
0.24,1.0,0.21337213891758236,0.9092818494875039,0.9999999999401932
0.25,1.0,0.22119921691223432,0.9179148154856493,0.9999999999775724
0.26,1.0,0.22894841417958778,0.9257262468569962,0.9999999999915896
0.27,1.0,0.236620505645827,0.9327943228904674,0.9999999999968461
0.28,1.0,0.24421625852649198,0.9391897831384033,0.9999999999988173
0.29,1.0,0.2517364324032004,0.944976635400495,0.9999999999995565
0.3,1.0,0.2591817792996067,0.9502127963341954,0.9999999999998337
0.31,1.0,0.26655304375660477,0.9549506711030425,0.9999999999999376
0.32,1.0,0.273850962906783,0.9592376778641992,0.9999999999999766
0.33,1.0,0.28107626654813794,0.9631167223444473,0.9999999999999912
0.34,1.0,0.28822967721705467,0.9666266272543439,0.9999999999999967
0.35000000000000003,1.0,0.29531191026056114,0.9698025208382524,0.9999999999999988
0.36,1.0,0.30232367390786347,0.9726761884489822,0.9999999999999996
0.37,1.0,0.30926566934116945,0.9752763906657059,0.9999999999999998
0.38,1.0,0.3161385907658073,0.9776291511389806,0.9999999999999999
0.39,1.0,0.3229431254796468,0.9797580170437173,1.0
0.4,1.0,0.3296799539418297,0.9816842947467946,1.0
0.41000000000000003,1.0,0.33634974984081617,0.9834272630479528,1.0
0.42,1.0,0.34295318016175413,0.985004366128152,1.0
0.43,1.0,0.3494909052531785,0.9864313881364818,1.0
0.44,1.0,0.35596357889304636,0.9877226111629438,1.0
0.45,1.0,0.36237184835411557,0.9888909581781502,1.0
0.46,1.0,0.36871635446867235,0.989948122370522,1.0
0.47000000000000003,1.0,0.37499773169261513,0.9909046841754372,1.0
0.48,1.0,0.38121660816890074,0.9917702171675922,1.0
0.49,1.0,0.38737360579035907,0.9925533838763811,1.0
0.5,1.0,0.393469340261883,0.993262022483245,1.0
0.51,1.0,0.39950442116199947,0.9939032252686832,1.0
0.52,1.0,0.40547945200382757,0.9944834095940521,1.0
0.53,1.0,0.41139503029543056,0.9950083821285581,1.0
0.54,1.0,0.41725174759956724,0.9954833969642493,1.0
0.55,1.0,0.4230501895928485,0.9959132082006389,1.0
0.56,1.0,0.42879093612430563,0.9963021175252456,1.0
0.5700000000000001,1.0,0.43447456127337564,0.9966540172662494,1.0
0.58,1.0,0.44010163340730973,0.9969724293481499,1.0
0.59,1.0,0.44567271523801044,0.9972605405403066,1.0
0.6,1.0,0.45118836387830336,0.9975212343511396,1.0
0.61,1.0,0.45664913089764875,0.9977571198871993,1.0
0.62,1.0,0.4620555623772991,0.9979705579659337,1.0
0.63,1.0,0.46740819896490776,0.9981636847435006,1.0
0.64,1.0,0.47270757592859386,0.9983384330940972,1.0
0.65,1.0,0.4779542232104699,0.9984965519547802,1.0
0.66,1.0,0.4831486654796361,0.9986396238293834,1.0
0.67,1.0,0.48829142218464805,0.9987690806267198,1.0
0.68,1.0,0.4933830076054619,0.9988862179915795,1.0
0.6900000000000001,1.0,0.49842393090486253,0.9989922082719558,1.0
0.7000000000000001,1.0,0.5034146961793806,0.9990881122522758,1.0
0.71,1.0,0.5083558025097026,0.9991748897700686,1.0
0.72,1.0,0.5132477440105788,0.9992534093223244,1.0
0.73,1.0,0.5180910098802362,0.9993244567576888,1.0
0.74,1.0,0.5228860844492974,0.9993887431414852,1.0
0.75,1.0,0.5276334472292153,0.9994469118722836,1.0
0.76,1.0,0.5323335729602241,0.9994995451212374,1.0
0.77,1.0,0.5369869316588134,0.9995471696586377,1.0
0.78,1.0,0.5415939886647309,0.9995902621259976,1.0
0.79,1.0,0.5461552046875162,0.9996292538064323,1.0
0.8,1.0,0.5506710358525726,0.9996645349410777,1.0
0.81,1.0,0.5551419337467798,0.9996964586347473,1.0
0.8200000000000001,1.0,0.5595683454636529,0.9997253443899182,1.0
0.8300000000000001,1.0,0.563950713648052,0.9997514813044126,1.0
0.84,1.0,0.5682894765404478,0.9997751309647814,1.0
0.85,1.0,0.5725850680207449,0.9997965300643454,1.0
0.86,1.0,0.5768379176516709,0.9998158927720971,1.0
0.87,1.0,0.581048450721733,0.9998334128761724,1.0
0.88,1.0,0.5852170882877468,0.9998492657233436,1.0
0.89,1.0,0.5893442472169428,0.999863609973946,1.0
0.9,1.0,0.5934303402286532,0.9998765891898004,1.0
0.91,1.0,0.597475775935584,0.999888333271026,1.0
0.92,1.0,0.6014809588846772,0.999898959756122,1.0
0.93,1.0,0.6054462895975653,0.99990857499833,1.0
0.9400000000000001,1.0,0.6093721646106239,0.9999172752300514,1.0
0.9500000000000001,1.0,0.6132589765146259,0.9999251475259716,1.0
0.96,1.0,0.6171071139940005,0.9999322706745314,1.0
0.97,1.0,0.6209169618657026,0.9999387159664663,1.0
0.98,1.0,0.6246889011176939,0.9999445479083074,1.0
0.99,1.0,0.628423308947043,0.9999498248679831,1.0
1.0,-1.0,0.6321205587976448,0.9999545996589837,1.0
1.01,-1.0,0.6158806878975653,0.8096339200689356,-0.25
1.02,-1.0,0.5998024064128202,0.6374246321503756,-0.71875
1.03,-1.0,0.5838841065018626,0.48160321059336547,-0.89453125
1.04,-1.0,0.5681241963214364,0.3406101450652743,-0.96044921875
1.05,-1.0,0.5525210998673905,0.21303433213550016,-0.98516845703125
1.06,-1.0,0.5370732568170771,0.09759895250365562,-0.9944381713867188
1.07,-1.0,0.5217791223733182,-0.006851307813973528,-0.9979143142700195
1.08,-1.0,0.5066371671099247,-0.10136182023412627,-0.9992178678512573
1.09,-1.0,0.4916458768187519,-0.18687847601609625,-0.9997067004442215
1.1,-1.0,0.47680375235827827,-0.2642571530422145,-0.9998900126665831
1.11,-1.0,0.46210930950368956,-0.33427228171583473,-0.9999587547499686
1.12,-1.0,0.44756107879845514,-0.3976245957070516,-0.9999845330312382
1.1300000000000001,-1.0,0.43315760540738113,-0.4549481451180793,-0.9999941998867143
1.1400000000000001,-1.0,0.4188974489711258,-0.50681664225828,-0.9999978249575179
1.1500000000000001,-1.0,0.4047791834621622,-0.5537492035393765,-0.9999991843590692
1.16,-1.0,0.3908013970421744,-0.5962155449575606,-0.999999694134651
1.17,-1.0,0.3769626919208725,-0.6346406831605367,-0.9999998853004941
1.18,-1.0,0.3632616842162123,-0.669409189149272,-0.9999999569876853
1.19,-1.0,0.349697003816006,-0.7008690371868544,-0.9999999838703819
1.2,-1.0,0.33626729424090984,-0.7293350874355604,-0.9999999939513933
1.21,-1.0,0.32297121250877514,-0.7550922371774739,-0.9999999977317725
1.22,-1.0,0.30980742900034874,-0.7783982721570725,-0.9999999991494146
1.23,-1.0,0.2967746273263102,-0.799486446582925,-0.9999999996810305
1.24,-1.0,0.2838715041956316,-0.8185678176099774,-0.9999999998803865
1.25,-1.0,0.2710967692852475,-0.835833357666668,-0.999999999955145
1.26,-1.0,0.2584491451110214,-0.8514558657677137,-0.9999999999831793
1.27,-1.0,0.24592736689999636,-0.8655916969415937,-0.9999999999936923
1.28,-1.0,0.23353018246391666,-0.8783823270813893,-0.9999999999976346
1.29,-1.0,0.22125635207400784,-0.8899557688805066,-0.9999999999991129
1.3,-1.0,0.20910464833700293,-0.9004278530244154,-0.9999999999996674
1.31,-1.0,0.19707385607240197,-0.9099033874609794,-0.9999999999998752
1.32,-1.0,0.185162772190953,-0.9184772063517239,-0.9999999999999531
1.33,-1.0,0.17337020557434216,-0.926235119202278,-0.9999999999999825
1.34,-1.0,0.1616949769560808,-0.9332547696711911,-0.9999999999999934
1.35,-1.0,0.15013591880357788,-0.9396064126523564,-0.9999999999999976
1.36,-1.0,0.1386918752013858,-0.9453536174083266,-0.9999999999999991
1.37,-1.0,0.12736170173560774,-0.9505539037917067,-0.9999999999999997
1.3800000000000001,-1.0,0.11614426537945552,-0.9552593179221284,-0.9999999999999999
1.3900000000000001,-1.0,0.10503844437994582,-0.9595169530803638,-1.0
1.4000000000000001,-1.0,0.09404312814572398,-0.9633694210328536,-1.0
1.41,-1.0,0.08315721713600396,-0.9668552785038147,-1.0
1.42,-1.0,0.07237962275061338,-0.9700094130631954,-1.0
1.43,-1.0,0.06170926722113249,-0.9728633922925691,-1.0
1.44,-1.0,0.05114508350311655,-0.9754457797235275,-1.0
1.45,-1.0,0.04068601516939041,-0.9777824207105873,-1.0
1.46,-1.0,0.030331016304404955,-0.979896701099716,-1.0
1.47,-1.0,0.020079051399644665,-0.9818097812813144,-1.0
1.48,-1.0,0.009929095250075905,-0.9835408079701313,-1.0
1.49,-1.0,-0.00011986714837443693,-0.9851071058316737,-1.0
1.5,-1.0,-0.010068840700320198,-0.9865243508729671,-1.0
1.51,-1.0,-0.019918820311407247,-0.9878067273330183,-1.0
1.52,-1.0,-0.029670790987804868,-0.9889670696431899,-1.0
1.53,-1.0,-0.039325727934707205,-0.9900169908782699,-1.0
1.54,-1.0,-0.0488845966538546,-0.9909669989838166,-1.0
1.55,-1.0,-0.05834835304008455,-0.9918266019430191,-1.0
1.56,-1.0,-0.06771794347692202,-0.9926044029356166,-1.0
1.57,-1.0,-0.07699430493121855,-0.993308186441256,-1.0
1.58,-1.0,-0.08617836504684973,-0.99394499614904,-1.0
1.59,-1.0,-0.09527104223748038,-0.9945212054530069,-1.0
1.6,-1.0,-0.10427324577840669,-0.9950425812390852,-1.0
1.61,-1.0,-0.11318587589748443,-0.9955143416019208,-1.0
1.62,-1.0,-0.12200982386515259,-0.9959412080692279,-1.0
1.6300000000000001,-1.0,-0.13074597208356112,-0.9963274528563401,-1.0
1.6400000000000001,-1.0,-0.13939519417481183,-0.9966769416238986,-1.0
1.6500000000000001,-1.0,-0.14795835506832142,-0.9969931721666144,-1.0
1.6600000000000001,-1.0,-0.1564363110873151,-0.997279309420309,-1.0
1.67,-1.0,-0.1648299100344596,-0.9975382171375988,-1.0
1.68,-1.0,-0.17313999127664417,-0.9977724865492421,-1.0
1.69,-1.0,-0.181367385828918,-0.9979844622979999,-1.0
1.7,-1.0,-0.18951291643759238,-0.9981762659045664,-1.0
1.71,-1.0,-0.19757739766251597,-0.9983498170004231,-1.0
1.72,-1.0,-0.20556163595853158,-0.9985068525401204,-1.0
1.73,-1.0,-0.2134664297561222,-0.9986489441852712,-1.0
1.74,-1.0,-0.22129256954125484,-0.9987775140342403,-1.0
1.75,-1.0,-0.22904083793442967,-0.9988938488549569,-1.0
1.76,-1.0,-0.2367120097689428,-0.9989991129632971,-1.0
1.77,-1.0,-0.2443068521683702,-0.9990943598759273,-1.0
1.78,-1.0,-0.25182612462328074,-0.9991805428542344,-1.0
1.79,-1.0,-0.25927057906718587,-0.9992585244448683,-1.0
1.8,-1.0,-0.2666409599517336,-0.9993290851123835,-1.0
1.81,-1.0,-0.2739380043211542,-0.9993929310503763,-1.0
1.82,-1.0,-0.2811624418859655,-0.9994507012492949,-1.0
1.83,-1.0,-0.28831499509594416,-0.9995029738916589,-1.0
1.84,-1.0,-0.2953963792123716,-0.9995502721386939,-1.0
1.85,-1.0,-0.3024073023795605,-0.9995930693662954,-1.0
1.86,-1.0,-0.3093484656956698,-0.9996317939027254,-1.0
1.87,-1.0,-0.3162205632828155,-0.9996668333154572,-1.0
1.8800000000000001,-1.0,-0.32302428235648284,-0.999698538290075,-1.0
1.8900000000000001,-1.0,-0.3297603032942489,-0.9997272261400458,-1.0
1.9000000000000001,-1.0,-0.3364292997038207,-0.9997531839824937,-1.0
1.9100000000000001,-1.0,-0.3430319384903966,-0.9997766716117596,-1.0
1.92,-1.0,-0.3495688799233574,-0.9997979240995055,-1.0
1.93,-1.0,-0.3560407777022937,-0.9998171541473864,-1.0
1.94,-1.0,-0.3624482790223766,-0.9998345542158357,-1.0
1.95,-1.0,-0.36879202463907756,-0.9998502984502712,-1.0
1.96,-1.0,-0.3750726489322446,-0.9998645444239972,-1.0
1.97,-1.0,-0.3812907799695409,-0.9998774347152486,-1.0
1.98,-1.0,-0.3874470395692518,-0.9998890983341587,-1.0
1.99,-1.0,-0.3935420433624674,-0.9998996520139344,-1.0
2.0,1.0,-0.39957640085464613,-0.9999092013791584,-1.0
2.0100000000000002,1.0,-0.38565038298656573,-0.8095928420029143,0.25
2.02,1.0,-0.37186293131147324,-0.637387463175812,0.71875
2.0300000000000002,1.0,-0.35821266707271177,-0.48156957871134376,0.89453125
2.04,1.0,-0.3446982252324824,-0.3405797136772255,0.96044921875
2.05,1.0,-0.33131825433533924,-0.21300679667441655,0.98516845703125
2.06,1.0,-0.3180714163730428,-0.0975740373858874,0.9944381713867188
2.07,1.0,-0.3049563866507581,0.006873851946847129,0.9979143142700195
2.08,1.0,-0.2919718536545838,0.10138221901095527,0.9992178678512573
2.09,1.0,-0.2791165189204,0.18689693359432524,0.9997067004442215
2.1,1.0,-0.26638909690402074,0.2642738541511553,0.9998900126665831
2.11,1.0,-0.25378831485263836,0.33428739350549597,0.9999587547499686
2.12,1.0,-0.24131291267754726,0.3976382694210292,0.9999845330312382
2.13,1.0,-0.22896164282813394,0.45496051760725054,0.9999941998867143
2.14,1.0,-0.21673327016712088,0.5068278373504506,0.9999978249575179
2.15,1.0,-0.20462657184705185,0.5537593332785883,0.9999991843590692
2.16,1.0,-0.1926403371880061,0.5962247107254646,0.999999694134651
2.17,1.0,-0.1807733675565294,0.6346489766910526,0.9999998853004941
2.18,1.0,-0.16902447624576958,0.6694166934466903,0.9999999569876853
2.19,1.0,-0.157392488356805,0.7008758273565696,0.9999999838703819
2.2,1.0,-0.1458762406811536,0.72934123143575,0.9999999939513933
2.21,1.0,-0.1344745815844511,0.7550977964992455,0.9999999977317725
2.22,1.0,-0.12318637089128663,0.778403302439886,0.9999999991494146
2.23,1.0,-0.11201047977118417,0.7994909981714503,0.9999999996810305
2.24,1.0,-0.10094579062571862,0.8185719360579596,0.9999999998803865
2.25,1.0,-0.08999119697675503,0.8358370841928441,0.999999999955145
2.2600000000000002,1.0,-0.07914560335579983,0.8514592376683425,0.9999999999831793
2.27,1.0,-0.06840792519445306,0.8655947479637289,0.9999999999936923
2.2800000000000002,1.0,-0.057777088715950685,0.8783850877606306,0.9999999999976346
2.29,1.0,-0.04725203082778597,0.8899582668466096,0.9999999999991129
2.3000000000000003,1.0,-0.03683169901539938,0.9004301132778191,0.9999999999996674
2.31,1.0,-0.026515051236926192,0.9099054326230186,0.9999999999998752
2.32,1.0,-0.01630105581899151,0.9184790568910306,0.9999999999999531
2.33,1.0,-0.006188691353542011,0.9262367936396378,0.9999999999999825
2.34,1.0,0.0038230534042956715,0.9332562847649059,0.9999999999999934
2.35,1.0,0.013735179637340302,0.9396077835659655,0.9999999999999976
2.36,1.0,0.02354867856647515,0.9453548578623693,0.9999999999999991
2.37,1.0,0.03326453154977091,0.9505550262010416,0.9999999999999997
2.38,1.0,0.04288371018062232,0.955260333520185,0.9999999999999999
2.39,1.0,0.05240717638490831,0.9595178720315705,1.0
2.4,1.0,0.0618358825171854,0.9633702525343661,1.0
2.41,1.0,0.07117077145592393,0.9668560308775646,1.0
2.42,1.0,0.08041277669779673,0.9700100938391784,1.0
2.43,1.0,0.08956282245102952,0.9728640082842075,1.0
2.44,1.0,0.09862182372782255,0.9754463370958616,1.0
2.45,1.0,0.10759068643585253,0.9777829250419766,1.0
2.46,1.0,0.11647030746886418,0.9798971574376695,1.0
2.47,1.0,0.12526157479636035,0.9818101941930073,1.0
2.48,1.0,0.13396536755239977,0.9835411815881152,1.0
2.49,1.0,0.14258255612351103,0.9851074438952362,1.0
2.5,1.0,0.15111400223573215,0.9865246567655558,1.0
2.5100000000000002,1.0,0.15956055904078376,0.9878070041161036,1.0
2.52,1.0,0.16792307120138503,0.9889673200869049,1.0
2.5300000000000002,1.0,0.17620237497572067,0.9900172174891348,1.0
2.54,1.0,0.1843992983010674,0.9909672040298251,1.0
2.5500000000000003,1.0,0.19251466087658844,0.9918267874763369,1.0
2.56,1.0,0.20054927424530403,0.99260457081312,1.0
2.57,1.0,0.2085039418752464,0.9933083383431165,1.0
2.58,1.0,0.21637945923980736,0.9939451335955397,1.0
2.59,1.0,0.2241766138972862,0.9945213298197542,1.0
2.6,1.0,0.23189618556964614,0.9950426937707818,1.0
2.61,1.0,0.2395389462204873,0.9955144434248198,1.0
2.62,1.0,0.24710566013224364,0.9959413002024053,1.0
2.63,1.0,0.2545970839826118,0.996327536221894,1.0
2.64,1.0,0.2620139669202196,0.996677017056178,1.0
2.65,1.0,0.2693570506395414,0.9969932404205694,1.0
2.66,1.0,0.2766270694550683,0.997279371179047,1.0
2.67,1.0,0.2838247503747401,0.9975382730192209,1.0
2.68,1.0,0.29095081317264665,0.9977725371130293,1.0
2.69,1.0,0.29800597046100613,0.9979845080500106,1.0
2.7,1.0,0.30499092776142656,0.9981763073027015,1.0
2.71,1.0,0.31190638357545863,0.9983498544590081,1.0
2.72,1.0,0.31875302945444656,0.9985068864340528,1.0
2.73,1.0,0.3255315500686837,0.9986489748537722,1.0
2.74,1.0,0.33224262327588006,0.9987775417842502,1.0
2.75,1.0,0.33888692018894895,0.9988938739642065,1.0
2.7600000000000002,1.0,0.3454651052431184,0.9989991356830877,1.0
2.77,1.0,0.3519778362623756,0.9990943804336458,1.0
2.7800000000000002,1.0,0.3584257645252497,0.9991805614556291,1.0
2.79,1.0,0.3648095348299401,0.9992585412761078,1.0
2.8000000000000003,1.0,0.37112978555879705,0.9993291003419202,1.0
2.81,1.0,0.3773871487421602,0.9993929448306322,1.0
2.82,1.0,0.3835822501215622,0.9994507137181872,1.0
2.83,1.0,0.3897157092123036,0.9995029851739802,1.0
2.84,1.0,0.3957881393654045,0.9995502823473613,1.0
2.85,1.0,0.4018001478289406,0.9995930786034806,1.0
2.86,1.0,0.407752335808768,0.9996318022608769,1.0
2.87,1.0,0.41364529852864496,0.9996668408782262,1.0
2.88,1.0,0.4194796252897541,0.999698545133152,1.0
2.89,1.0,0.42525589952963333,0.9997272323319184,1.0
2.9,1.0,0.4309746988805202,0.9997531895851323,1.0
2.91,1.0,0.43663659522711534,0.9997766766812372,1.0
2.92,1.0,0.4422421547637716,0.9997979286865589,1.0
2.93,1.0,0.44779193805111384,0.9998171582979243,1.0
2.94,1.0,0.45328650007209553,0.9998345579713981,1.0
2.95,1.0,0.45872639028749757,0.9998503018484449,1.0
2.96,1.0,0.4641121526908746,0.9998645474987923,1.0
2.97,1.0,0.469444325862955,0.9998774374974384,1.0
2.98,1.0,0.4747234430254994,0.9998891008515884,1.0
2.99,1.0,0.4799500320946233,0.9998996542917992,1.0
3.0,-1.0,0.48512461573358895,0.9999092034402558,1.0
3.0100000000000002,-1.0,0.4703473789050724,0.8095928438678724,-0.25
3.02,-1.0,0.4557171780397152,0.637387464863296,-0.71875
3.0300000000000002,-1.0,0.44123255010523915,0.4815695802382426,-0.89453125
3.04,-1.0,0.4268920466267806,0.3405797150588208,-0.96044921875
3.0500000000000003,-1.0,0.4126942335420414,0.21300679792453572,-0.98516845703125
3.06,-1.0,0.3986376910578817,0.09757403851704208,-0.9944381713867188
3.0700000000000003,-1.0,0.38472101350833965,-0.006873850923335936,-0.9979143142700195
3.08,-1.0,0.3709428092140632,-0.10138221808484399,-0.9992178678512573
3.09,-1.0,0.35730170034314124,-0.186896932756345,-0.9997067004442215
3.1,-1.0,0.3437963227733193,-0.2642738533929193,-0.9998900126665831
3.11,-1.0,0.3304253259555861,-0.3342873928194156,-0.9999587547499686
3.12,-1.0,0.31718737277911757,-0.39763826880023795,-0.9999845330312382
3.13,-1.0,0.30408113943756465,-0.4549605170455353,-0.9999941998867143
3.14,-1.0,0.29110531529667144,-0.5068278368421896,-0.9999978249575179
3.15,-1.0,0.2782586027632109,-0.5537593328186947,-0.9999991843590692
3.16,-1.0,0.26553971715522423,-0.5962247103093357,-0.999999694134651
3.17,-1.0,0.25294738657355176,-0.6346489763145235,-0.9999998853004941
3.18,-1.0,0.2404803517746419,-0.6694166931059927,-0.9999999569876853
3.19,-1.0,0.22813736604462573,-0.7008758270482937,-0.9999999838703819
3.2,-1.0,0.2159171950746446,-0.7293412311568104,-0.9999999939513933
3.21,-1.0,0.2038186168374182,-0.7550977962468504,-0.9999999977317725
3.22,-1.0,0.19184042146504085,-0.7784033022115094,-0.9999999991494146
3.23,-1.0,0.17998141112799362,-0.7994909979648067,-0.9999999996810305
3.24,-1.0,0.1682403999153605,-0.8185719358709808,-0.9999999998803865
3.25,-1.0,0.15661621371623619,-0.8358370840236585,-0.999999999955145
3.2600000000000002,-1.0,0.1451076901023141,-0.8514592375152571,-0.9999999999831793
3.27,-1.0,0.1337136782116426,-0.8655947478252114,-0.9999999999936923
3.2800000000000002,-1.0,0.12243303863353774,-0.8783850876352948,-0.9999999999976346
3.29,-1.0,0.11126464329464136,-0.889958266733201,-0.9999999999991129
3.3000000000000003,-1.0,0.10020737534611274,-0.9004301131752027,-0.9999999999996674
3.31,-1.0,0.08926012905194276,-0.9099054325301675,-0.9999999999998752
3.3200000000000003,-1.0,0.07842180967837947,-0.9184790568070155,-0.9999999999999531
3.33,-1.0,0.06769133338445374,-0.9262367935636179,-0.9999999999999825
3.34,-1.0,0.05706762711359425,-0.9332562846961201,-0.9999999999999934
3.35,-1.0,0.04654962848632098,-0.9396077835037255,-0.9999999999999976
3.36,-1.0,0.03613628569400635,-0.9453548578060522,-0.9999999999999991
3.37,-1.0,0.025826557393693488,-0.9505550261500838,-0.9999999999999997
3.38,-1.0,0.015619412603961071,-0.9552603334740765,-0.9999999999999999
3.39,-1.0,0.005513830601824312,-0.9595178719898496,-1.0
3.4,-1.0,-0.0044911991793381775,-0.9633702524966156,-1.0
3.41,-1.0,-0.0143966772508419,-0.9668560308434064,-1.0
3.42,-1.0,-0.024203594168748427,-0.9700100938082707,-1.0
3.43,-1.0,-0.03391293063292185,-0.9728640082562412,-1.0
3.44,-1.0,-0.04352565758509956,-0.9754463370705566,-1.0
3.45,-1.0,-0.05304273630598725,-0.9777829250190798,-1.0
3.46,-1.0,-0.062465118511387765,-0.9798971574169516,-1.0
3.47,-1.0,-0.0717937464473735,-0.981810194174261,-1.0
3.48,-1.0,-0.0810295529845118,-0.9835411815711529,-1.0
3.49,-1.0,-0.09017346171115272,-0.985107443879888,-1.0
3.5,-1.0,-0.09922638702578873,-0.9865246567516682,-1.0
3.5100000000000002,-1.0,-0.10818923422849529,-0.9878070041035376,-1.0
3.52,-1.0,-0.11706289961146157,-0.9889673200755347,-1.0
3.5300000000000002,-1.0,-0.12584827054862047,-0.9900172174788466,-1.0
3.54,-1.0,-0.13454622558438672,-0.9909672040205159,-1.0
3.5500000000000003,-1.0,-0.14315763452151206,-0.9918267874679135,-1.0
3.56,-1.0,-0.15168335850806627,-0.9926045708054982,-1.0
3.5700000000000003,-1.0,-0.16012425012355266,-0.99330833833622,-1.0
3.58,-1.0,-0.16848115346416673,-0.9939451335892995,-1.0
3.59,-1.0,-0.1767549042272065,-0.9945213298141078,-1.0
3.6,-1.0,-0.18494632979464296,-0.9950426937656728,-1.0
3.61,-1.0,-0.19305624931585894,-0.9955144434201969,-1.0
3.62,-1.0,-0.2010854737895647,-0.9959413001982225,-1.0
3.63,-1.0,-0.20903480614489853,-0.9963275362181091,-1.0
3.64,-1.0,-0.21690504132172025,-0.9966770170527532,-1.0
3.65,-1.0,-0.22469696635010603,-0.9969932404174706,-1.0
3.66,-1.0,-0.2324113604290518,-0.9972793711762431,-1.0
3.67,-1.0,-0.24004899500439406,-0.9975382730166839,-1.0
3.68,-1.0,-0.24761063384595491,-0.9977725371107337,-1.0
3.69,-1.0,-0.2550970331239198,-0.9979845080479335,-1.0
3.7,-1.0,-0.262508941484455,-0.998176307300822,-1.0
3.71,-1.0,-0.2698471001245732,-0.9983498544573075,-1.0
3.72,-1.0,-0.2771122428662533,-0.998506886432514,-1.0
3.73,-1.0,-0.2843050962298237,-0.9986489748523798,-1.0
3.74,-1.0,-0.2914263795066147,-0.9987775417829902,-1.0
3.75,-1.0,-0.2984768048308883,-0.9988938739630664,-1.0
3.7600000000000002,-1.0,-0.30545707725105214,-0.9989991356820561,-1.0
3.77,-1.0,-0.3123678948001651,-0.9990943804327125,-1.0
3.7800000000000002,-1.0,-0.3192099485657409,-0.9991805614547845,-1.0
3.79,-1.0,-0.32598392275885785,-0.9992585412753435,-1.0
3.8000000000000003,-1.0,-0.33269049478258006,-0.9993291003412287,-1.0
3.81,-1.0,-0.33933033529969864,-0.9993929448300065,-1.0
3.8200000000000003,-1.0,-0.3459041082997984,-0.9994507137176211,-1.0
3.83,-1.0,-0.3524124711656574,-0.9995029851734679,-1.0
3.84,-1.0,-0.3588560747389858,-0.9995502823468978,-1.0
3.85,-1.0,-0.36523556338551044,-0.9995930786030611,-1.0
3.86,-1.0,-0.3715515750594122,-0.9996318022604973,-1.0
3.87,-1.0,-0.3778047413671217,-0.9996668408778827,-1.0
3.88,-1.0,-0.3839956876304806,-0.9996985451328412,-1.0
3.89,-1.0,-0.39012503294927425,-0.9997272323316372,-1.0
3.9,-1.0,-0.39619339026314226,-0.9997531895848778,-1.0
3.91,-1.0,-0.40220136641287285,-0.9997766766810069,-1.0
3.92,-1.0,-0.4081495622010876,-0.9997979286863505,-1.0
3.93,-1.0,-0.41403857245232206,-0.9998171582977357,-1.0
3.94,-1.0,-0.4198689860725088,-0.9998345579712273,-1.0
3.95,-1.0,-0.4256413861078684,-0.9998503018482904,-1.0
3.96,-1.0,-0.43135634980321463,-0.9998645474986525,-1.0
3.97,-1.0,-0.4370144486596795,-0.999877437497312,-1.0
3.98,-1.0,-0.4426162484918636,-0.999889100851474,-1.0
3.99,-1.0,-0.44816230948441826,-0.9998996542916956,-1.0
4.0,1.0,-0.45365318624806433,-0.9999092034401621,-1.0
4.01,1.0,-0.4391890953750539,-0.8095928438677876,0.25
4.0200000000000005,1.0,-0.424868924610885,-0.6373874648632193,0.71875
4.03,1.0,-0.410691241926548,-0.4815695802381732,0.89453125
4.04,1.0,-0.39665462954195985,-0.34057971505875806,0.96044921875
4.05,1.0,-0.3827576837841852,-0.213006797924479,0.98516845703125
4.0600000000000005,1.0,-0.3689990149470676,-0.09757403851699077,0.9944381713867188
4.07,1.0,-0.35537724715225805,0.0068738509233823575,0.9979143142700195
4.08,1.0,-0.34189101821162576,0.10138221808488598,0.9992178678512573
4.09,1.0,-0.32853897949103833,0.18689693275638303,0.9997067004442215
4.1,1.0,-0.3153197957754972,0.26427385339295373,0.9998900126665831
4.11,1.0,-0.3022321451356149,0.33428739281944675,0.9999587547499686
4.12,1.0,-0.28927471879542144,0.39763826880026615,0.9999845330312382
4.13,1.0,-0.27644622100148497,0.45496051704556084,0.9999941998867143
4.14,1.0,-0.26374536889333594,0.5068278368422127,0.9999978249575179
4.15,1.0,-0.25117089237517964,0.5537593328187156,0.9999991843590692
4.16,1.0,-0.23872153398888574,0.5962247103093545,0.999999694134651
4.17,1.0,-0.2263960487882413,0.6346489763145405,0.9999998853004941
4.18,1.0,-0.21419320421445517,0.669416693106008,0.9999999569876853
4.19,1.0,-0.20211177997290114,0.7008758270483075,0.9999999838703819
4.2,1.0,-0.19015056791108736,0.7293412311568229,0.9999999939513933
4.21,1.0,-0.17830837189784013,0.7550977962468618,0.9999999977317725
4.22,1.0,-0.1665840077036898,0.7784033022115198,0.9999999991494146
4.23,1.0,-0.15497630288244682,0.799490997964816,0.9999999996810305
4.24,1.0,-0.14348409665395612,0.8185719358709892,0.9999999998803865
4.25,1.0,-0.1321062397880182,0.8358370840236662,0.999999999955145
4.26,1.0,-0.12084159448946505,0.8514592375152641,0.9999999999831793
4.2700000000000005,1.0,-0.10968903428437979,0.8655947478252177,0.9999999999936923
4.28,1.0,-0.09864744390744826,0.8783850876353004,0.9999999999976346
4.29,1.0,-0.0877157191904316,0.8899582667332061,0.9999999999991129
4.3,1.0,-0.07689276695174849,0.9004301131752074,0.9999999999996674
4.3100000000000005,1.0,-0.06617750488715608,0.9099054325301718,0.9999999999998752
4.32,1.0,-0.05556886146151869,0.9184790568070192,0.9999999999999531
4.33,1.0,-0.04506577580165336,0.9262367935636213,0.9999999999999825
4.34,1.0,-0.03466719759024168,0.9332562846961232,0.9999999999999934
4.3500000000000005,1.0,-0.024372086960797172,0.9396077835037284,0.9999999999999976
4.36,1.0,-0.014179414393677781,0.9453548578060549,0.9999999999999991
4.37,1.0,-0.004088160613133045,0.9505550261500861,0.9999999999999997
4.38,1.0,0.005902683514624332,0.9552603334740786,0.9999999999999999
4.39,1.0,0.015794117082332686,0.9595178719898516,1.0
4.4,1.0,0.02558712924159151,0.9633702524966173,1.0
4.41,1.0,0.03528269930177744,0.966856030843408,1.0
4.42,1.0,0.044881796827975995,0.9700100938082722,1.0
4.43,1.0,0.05438538173793891,0.9728640082562425,1.0
4.44,1.0,0.06379440439807671,0.9754463370705578,1.0
4.45,1.0,0.07310980571849611,0.9777829250190808,1.0
4.46,1.0,0.08233251724709187,0.9798971574169525,1.0
4.47,1.0,0.09146346126270231,0.9818101941742617,1.0
4.48,1.0,0.10050355086733799,0.9835411815711536,1.0
4.49,1.0,0.10945369007749264,0.9851074438798887,1.0
4.5,1.0,0.11831477391454562,0.9865246567516688,1.0
4.51,1.0,0.12708768849426472,0.9878070041035381,1.0
4.5200000000000005,1.0,0.13577331111541857,0.9889673200755351,1.0
4.53,1.0,0.14437251034750717,0.990017217478847,1.0
4.54,1.0,0.15288614611761964,0.9909672040205162,1.0
4.55,1.0,0.16131506979642754,0.9918267874679139,1.0
4.5600000000000005,1.0,0.16966012428332272,0.9926045708054985,1.0
4.57,1.0,0.177922144090708,0.9933083383362202,1.0
4.58,1.0,0.186101955427449,0.9939451335892997,1.0
4.59,1.0,0.1942003762814958,0.994521329814108,1.0
4.6000000000000005,1.0,0.20221821650168237,0.995042693765673,1.0
4.61,1.0,0.21015627787871213,0.9955144434201971,1.0
4.62,1.0,0.21801535422533774,0.9959413001982226,1.0
4.63,1.0,0.22579623145574299,0.9963275362181092,1.0
4.64,1.0,0.23349968766413487,0.9966770170527534,1.0
4.65,1.0,0.24112649320255367,0.9969932404174707,1.0
4.66,1.0,0.24867741075790875,0.9972793711762432,1.0
4.67,1.0,0.25615319542824805,0.997538273016684,1.0
4.68,1.0,0.26355459479826826,0.9977725371107338,1.0
4.69,1.0,0.2708823490140741,0.9979845080479336,1.0
4.7,1.0,0.2781371908571935,0.9981763073008221,1.0
4.71,1.0,0.28531984581785647,0.9983498544573076,1.0
4.72,1.0,0.2924310321675444,0.9985068864325141,1.0
4.73,1.0,0.29947146103081823,0.9986489748523799,1.0
4.74,1.0,0.3064418364564312,0.9987775417829903,1.0
4.75,1.0,0.3133428554877344,0.9988938739630665,1.0
4.76,1.0,0.3201752082323817,0.9989991356820562,1.0
4.7700000000000005,1.0,0.32693957793134115,0.9990943804327126,1.0
4.78,1.0,0.33363664102721946,0.9991805614547846,1.0
4.79,1.0,0.3402670672319071,0.9992585412753436,1.0
4.8,1.0,0.3468315195935497,0.9993291003412288,1.0
4.8100000000000005,1.0,0.35333065456285373,0.9993929448300066,1.0
4.82,1.0,0.359765122058732,0.9994507137176211,1.0
4.83,1.0,0.36613556553329607,0.9995029851734679,1.0
4.84,1.0,0.372442622036202,0.9995502823468978,1.0
4.8500000000000005,1.0,0.3786869222783559,0.9995930786030611,1.0
4.86,1.0,0.3848690906949854,0.9996318022604973,1.0
4.87,1.0,0.390989745508084,0.9996668408778827,1.0
4.88,1.0,0.39704949878823337,0.9996985451328412,1.0
4.89,1.0,0.4030489565158113,0.9997272323316372,1.0
4.9,1.0,0.40898871864159,0.9997531895848778,1.0
4.91,1.0,0.41486937914673166,0.9997766766810069,1.0
4.92,1.0,0.4206915261021874,0.9997979286863505,1.0
4.93,1.0,0.42645574172750444,0.9998171582977357,1.0
4.94,1.0,0.4321626024490487,0.9998345579712273,1.0
4.95,1.0,0.437812678957648,0.9998503018482904,1.0
4.96,1.0,0.44340653626566157,0.9998645474986525,1.0
4.97,1.0,0.4489447337634816,0.999877437497312,1.0
4.98,1.0,0.454427825275473,0.999889100851474,1.0
4.99,1.0,0.45985635911535605,0.9998996542916956,1.0
5.0,-1.0,0.46523087814103853,0.9999092034401621,1.0
5.01,-1.0,0.4506515873089017,0.8095928438677876,-0.25
5.0200000000000005,-1.0,0.43621736284435175,0.6373874648632193,-0.71875
5.03,-1.0,0.4219267613129139,0.4815695802381732,-0.89453125
5.04,-1.0,0.40777835364252635,0.34057971505875806,-0.96044921875
5.05,-1.0,0.3937707249806319,0.213006797924479,-0.98516845703125
5.0600000000000005,-1.0,0.3799024745526916,0.09757403851699077,-0.9944381713867188
5.07,-1.0,0.36617221552210594,-0.0068738509233823575,-0.9979143142700195
5.08,-1.0,0.35257857485153016,-0.10138221808488598,-0.9992178678512573
5.09,-1.0,0.33912019316556935,-0.18689693275638303,-0.9997067004442215
5.1000000000000005,-1.0,0.3257957246148398,-0.26427385339295373,-0.9998900126665831
5.11,-1.0,0.3126038367413829,-0.33428739281944675,-0.9999587547499686
5.12,-1.0,0.2995432103454183,-0.39763826880026615,-0.9999845330312382
5.13,-1.0,0.2866125393534227,-0.45496051704556084,-0.9999941998867143
5.14,-1.0,0.2738105306875215,-0.5068278368422127,-0.9999978249575179
5.15,-1.0,0.26113590413617993,-0.5537593328187156,-0.9999991843590692
5.16,-1.0,0.24858739222618087,-0.5962247103093545,-0.999999694134651
5.17,-1.0,0.2361637400958764,-0.6346489763145405,-0.9999998853004941
5.18,-1.0,0.22386370536970063,-0.669416693106008,-0.9999999569876853
5.19,-1.0,0.2116860580339311,-0.7008758270483075,-0.9999999838703819
5.2,-1.0,0.19962958031368633,-0.7293412311568229,-0.9999999939513933
5.21,-1.0,0.18769306655114742,-0.7550977962468618,-0.9999999977317725
5.22,-1.0,0.17587532308499118,-0.7784033022115198,-0.9999999991494146
5.23,-1.0,0.16417516813102306,-0.799490997964816,-0.9999999996810305
5.24,-1.0,0.1525914316639977,-0.8185719358709892,-0.9999999998803865
5.25,-1.0,0.1411229553006154,-0.8358370840236662,-0.999999999955145
5.26,-1.0,0.12976859218368295,-0.8514592375152641,-0.9999999999831793
5.2700000000000005,-1.0,0.11852720686742685,-0.8655947478252177,-0.9999999999936923
5.28,-1.0,0.10739767520394781,-0.8783850876353004,-0.9999999999976346
5.29,-1.0,0.09637888423080503,-0.8899582667332061,-0.9999999999991129
5.3,-1.0,0.08546973205971901,-0.9004301131752074,-0.9999999999996674
5.3100000000000005,-1.0,0.07466912776638185,-0.9099054325301718,-0.9999999999998752
5.32,-1.0,0.06397599128136386,-0.9184790568070192,-0.9999999999999531
5.33,-1.0,0.05338925328210574,-0.9262367935636213,-0.9999999999999825
5.34,-1.0,0.04290785508598543,-0.9332562846961232,-0.9999999999999934
5.3500000000000005,-1.0,0.03253074854444896,-0.9396077835037284,-0.9999999999999976
5.36,-1.0,0.02225689593819475,-0.9453548578060549,-0.9999999999999991
5.37,-1.0,0.012085269873400762,-0.9505550261500861,-0.9999999999999997
5.38,-1.0,0.002014853178984307,-0.9552603334740786,-0.9999999999999999
5.39,-1.0,-0.007955361195115928,-0.9595178719898516,-1.0
5.4,-1.0,-0.017826370278645726,-0.9633702524966173,-1.0
5.41,-1.0,-0.027599161180739143,-0.966856030843408,-1.0
5.42,-1.0,-0.037274711188630245,-0.9700100938082722,-1.0
5.43,-1.0,-0.04685398786538264,-0.9728640082562425,-1.0
5.44,-1.0,-0.0563379491466466,-0.9754463370705578,-1.0
5.45,-1.0,-0.06572754343645343,-0.9777829250190808,-1.0
5.46,-1.0,-0.07502370970205662,-0.9798971574169525,-1.0
5.47,-1.0,-0.08422737756782941,-0.9818101941742617,-1.0
5.48,-1.0,-0.09333946740822799,-0.9835411815711536,-1.0
5.49,-1.0,-0.10236089043982967,-0.9851074438798887,-1.0
5.5,-1.0,-0.11129254881245533,-0.9865246567516688,-1.0
5.51,-1.0,-0.12013533569938516,-0.9878070041035381,-1.0
5.5200000000000005,-1.0,-0.1288901353866767,-0.9889673200755351,-1.0
5.53,-1.0,-0.13755782336159428,-0.990017217478847,-1.0
5.54,-1.0,-0.14613926640015829,-0.9909672040205162,-1.0
5.55,-1.0,-0.15463532265382368,-0.9918267874679139,-1.0
5.5600000000000005,-1.0,-0.16304684173529574,-0.9926045708054985,-1.0
5.57,-1.0,-0.17137466480349212,-0.9933083383362202,-1.0
5.58,-1.0,-0.17961962464765935,-0.9939451335892997,-1.0
5.59,-1.0,-0.18778254577065254,-0.994521329814108,-1.0
5.6000000000000005,-1.0,-0.1958642444713863,-0.995042693765673,-1.0
5.61,-1.0,-0.20386552892646537,-0.9955144434201971,-1.0
5.62,-1.0,-0.21178719927100284,-0.9959413001982226,-1.0
5.63,-1.0,-0.21963004767863448,-0.9963275362181092,-1.0
5.64,-1.0,-0.22739485844073665,-0.9966770170527534,-1.0
5.65,-1.0,-0.2350824080448561,-0.9969932404174707,-1.0
5.66,-1.0,-0.24269346525235946,-0.9972793711762432,-1.0
5.67,-1.0,-0.2502287911753099,-0.997538273016684,-1.0
5.68,-1.0,-0.25768913935257903,-0.9977725371107338,-1.0
5.69,-1.0,-0.2650752558252015,-0.9979845080479336,-1.0
5.7,-1.0,-0.27238787921097946,-0.9981763073008221,-1.0
5.71,-1.0,-0.2796277407783453,-0.9983498544573076,-1.0
5.72,-1.0,-0.28679556451948884,-0.9985068864325141,-1.0
5.73,-1.0,-0.29389206722275735,-0.9986489748523799,-1.0
5.74,-1.0,-0.30091795854433473,-0.9987775417829903,-1.0
5.75,-1.0,-0.307873941079208,-0.9988938739630665,-1.0
5.76,-1.0,-0.31476071043142717,-0.9989991356820562,-1.0
5.7700000000000005,-1.0,-0.32157895528366637,-0.9990943804327126,-1.0
5.78,-1.0,-0.3283293574660926,-0.9991805614547846,-1.0
5.79,-1.0,-0.3350125920245493,-0.9992585412753436,-1.0
5.8,-1.0,-0.3416293272880616,-0.9993291003412288,-1.0
5.8100000000000005,-1.0,-0.34818022493566975,-0.9993929448300066,-1.0
5.82,-1.0,-0.35466594006259744,-0.9994507137176211,-1.0
5.83,-1.0,-0.36108712124576203,-0.9995029851734679,-1.0
5.84,-1.0,-0.3674444106086328,-0.9995502823468978,-1.0
5.8500000000000005,-1.0,-0.37373844388544364,-0.9995930786030611,-1.0
5.86,-1.0,-0.37996985048476717,-0.9996318022604973,-1.0
5.87,-1.0,-0.3861392535524561,-0.9996668408778827,-1.0
5.88,-1.0,-0.39224727003395826,-0.9996985451328412,-1.0
5.89,-1.0,-0.39829451073601174,-0.9997272323316372,-1.0
5.9,-1.0,-0.404281580387726,-0.9997531895848778,-1.0
5.91,-1.0,-0.41020907770105536,-0.9997766766810069,-1.0
5.92,-1.0,-0.4160775954306707,-0.9997979286863505,-1.0
5.93,-1.0,-0.4218877204332353,-0.9998171582977357,-1.0
5.94,-1.0,-0.4276400337260911,-0.9998345579712273,-1.0
5.95,-1.0,-0.4333351105453609,-0.9998503018482904,-1.0
5.96,-1.0,-0.43897352040347243,-0.9998645474986525,-1.0
5.97,-1.0,-0.4445558271461101,-0.999877437497312,-1.0
5.98,-1.0,-0.45008258900860004,-0.999889100851474,-1.0
5.99,-1.0,-0.45555435867173405,-0.9998996542916956,-1.0
6.0,1.0,-0.4609716833170382,-0.9999092034401621,-1.0
6.01,1.0,-0.4464347721814913,-0.8095928438677876,0.25
6.0200000000000005,1.0,-0.4320425057285046,-0.6373874648632193,0.71875
6.03,1.0,-0.4177934447194394,-0.4815695802381732,0.89453125
6.04,1.0,-0.4036861642363208,-0.34057971505875806,0.96044921875
6.05,1.0,-0.3897192535393446,-0.213006797924479,0.98516845703125
6.0600000000000005,1.0,-0.3758913159258022,-0.09757403851699077,0.9944381713867188
6.07,1.0,-0.36220096859040923,0.0068738509233823575,0.9979143142700195
6.08,1.0,-0.34864684248702366,0.10138221808488598,0.9992178678512573
6.09,1.0,-0.3352275821917402,0.18689693275638303,0.9997067004442215
6.1000000000000005,1.0,-0.32194184576734686,0.26427385339295373,0.9998900126665831
6.11,1.0,-0.3087883046291299,0.33428739281944675,0.9999587547499686
6.12,1.0,-0.2957656434120144,0.39763826880026615,0.9999845330312382
6.13,1.0,-0.28287255983902665,0.45496051704556084,0.9999941998867143
6.140000000000001,1.0,-0.2701077645910653,0.5068278368422127,0.9999978249575179
6.15,1.0,-0.2574699811779683,0.5537593328187156,0.9999991843590692
6.16,1.0,-0.24495794581086316,0.5962247103093545,0.999999694134651
6.17,1.0,-0.2325704072757866,0.6346489763145405,0.9999998853004941
6.18,1.0,-0.22030612680856232,0.669416693106008,0.9999999569876853
6.19,1.0,-0.20816387797092353,0.7008758270483075,0.9999999838703819
6.2,1.0,-0.19614244652786814,0.7293412311568229,0.9999999939513933
6.21,1.0,-0.1842406303262341,0.7550977962468618,0.9999999977317725
6.22,1.0,-0.1724572391744833,0.7784033022115198,0.9999999991494146
6.23,1.0,-0.16079109472368117,0.799490997964816,0.9999999996810305
6.24,1.0,-0.14924103034966105,0.8185719358709892,0.9999999998803865
6.25,1.0,-0.13780589103636062,0.8358370840236662,0.999999999955145
6.26,1.0,-0.12648453326031944,0.8514592375152641,0.9999999999831793
6.2700000000000005,1.0,-0.11527582487632561,0.8655947478252177,0.9999999999936923
6.28,1.0,-0.10417864500420028,0.8783850876353004,0.9999999999976346
6.29,1.0,-0.09319188391670875,0.8899582667332061,0.9999999999991129
6.3,1.0,-0.0823144429285868,0.9004301131752074,0.9999999999996674
6.3100000000000005,1.0,-0.07154523428667123,0.9099054325301718,0.9999999999998752
6.32,1.0,-0.06088318106112365,0.9184790568070192,0.9999999999999531
6.33,1.0,-0.05032721703773662,0.9262367935636213,0.9999999999999825
6.34,1.0,-0.039876286611311304,0.9332562846961232,0.9999999999999934
6.3500000000000005,1.0,-0.02952934468009611,0.9396077835037284,0.9999999999999976
6.36,1.0,-0.0192853565412756,0.9453548578060549,0.9999999999999991
6.37,1.0,-0.009143297787499383,0.9505550261500861,0.9999999999999997
6.38,1.0,0.0008978457955594928,0.9552603334740786,0.9999999999999999
6.390000000000001,1.0,0.010839078330626813,0.9595178719898516,1.0
6.4,1.0,0.020681393949240304,0.9633702524966173,1.0
6.41,1.0,0.030425776891163617,0.966856030843408,1.0
6.42,1.0,0.04007320160281113,0.9700100938082722,1.0
6.43,1.0,0.04962463283469339,0.9728640082562425,1.0
6.44,1.0,0.059081025737892985,0.9754463370705578,1.0
6.45,1.0,0.06844332595958041,0.9777829250190808,1.0
6.46,1.0,0.07771246973757964,0.9798971574169525,1.0
6.47,1.0,0.08688938399399262,0.9818101941742617,1.0
6.48,1.0,0.09597498642789232,0.9835411815711536,1.0
6.49,1.0,0.1049701856070933,0.9851074438798887,1.0
6.5,1.0,0.11387588105900937,0.9865246567516688,1.0
6.51,1.0,0.12269296336060699,0.9878070041035381,1.0
6.5200000000000005,1.0,0.13142231422746378,0.9889673200755351,1.0
6.53,1.0,0.1400648066019408,0.990017217478847,1.0
6.54,1.0,0.14862130474047738,0.9909672040205162,1.0
6.55,1.0,0.15709266430001773,0.9918267874679139,1.0
6.5600000000000005,1.0,0.1654797324235771,0.9926045708054985,1.0
6.57,1.0,0.173783347824957,0.9933083383362202,1.0
6.58,1.0,0.1820043408726171,0.9939451335892997,1.0
6.59,1.0,0.1901435336727129,0.994521329814108,1.0
6.6000000000000005,1.0,0.19820174015130693,0.995042693765673,1.0
6.61,1.0,0.2061797661357621,0.9955144434201971,1.0
6.62,1.0,0.21407840943532516,0.9959413001982226,1.0
6.63,1.0,0.22189845992090812,0.9963275362181092,1.0
6.640000000000001,1.0,0.22964069960407613,0.9966770170527534,1.0
6.65,1.0,0.23730590271524926,0.9969932404174707,1.0
6.66,1.0,0.2448948357811262,0.9972793711762432,1.0
6.67,1.0,0.25240825770133757,0.997538273016684,1.0
6.68,1.0,0.25984691982433644,0.9977725371107338,1.0
6.69,1.0,0.2672115660225339,0.9979845080479336,1.0
6.7,1.0,0.2745029327666868,0.9981763073008221,1.0
6.71,1.0,0.2817217491995457,0.9983498544573076,1.0
6.72,1.0,0.2888687372087694,0.9985068864325141,1.0
6.73,1.0,0.29594461149911455,0.9986489748523799,1.0
6.74,1.0,0.3029500796639067,0.9987775417829903,1.0
6.75,1.0,0.30988584225580007,0.9988938739630665,1.0
6.76,1.0,0.3167525928568336,0.9989991356820562,1.0
6.7700000000000005,1.0,0.3235510181477895,0.9990943804327126,1.0
6.78,1.0,0.33028179797686225,0.9991805614547846,1.0
6.79,1.0,0.33694560542764357,0.9992585412753436,1.0
6.8,1.0,0.34354310688643164,0.9993291003412288,1.0
6.8100000000000005,1.0,0.3500749621088701,0.9993929448300066,1.0
6.82,1.0,0.3565418242859244,0.9994507137176211,1.0
6.83,1.0,0.3629443401092012,0.9995029851734679,1.0
6.84,1.0,0.3692831498356181,0.9995502823468978,1.0
6.8500000000000005,1.0,0.37555888735143006,0.9995930786030611,1.0
6.86,1.0,0.3817721802356183,0.9996318022604973,1.0
6.87,1.0,0.38792364982264893,0.9996668408778827,1.0
6.88,1.0,0.3940139112646068,0.9996985451328412,1.0
6.890000000000001,1.0,0.4000435735927112,0.9997272323316372,1.0
6.9,1.0,0.4060132397782196,0.9997531895848778,1.0
6.91,1.0,0.4119235067927252,0.9997766766810069,1.0
6.92,1.0,0.4177749656678546,0.9997979286863505,1.0
6.93,1.0,0.4235682015543714,0.9998171582977357,1.0
6.94,1.0,0.4293037937806919,0.9998345579712273,1.0
6.95,1.0,0.43498231591081826,0.9998503018482904,1.0
6.96,1.0,0.4406043358016956,0.9998645474986525,1.0
6.97,1.0,0.44617041565999793,0.999877437497312,1.0
6.98,1.0,0.4516811120983493,0.999889100851474,1.0
6.99,1.0,0.45713697619098587,0.9998996542916956,1.0
7.0,-1.0,0.46253855352886325,0.9999092034401621,1.0
7.01,-1.0,0.4479860517742165,0.8095928438677876,-0.25
7.0200000000000005,-1.0,0.43357834983138194,0.6373874648632193,-0.71875
7.03,-1.0,0.419314006918159,0.4815695802381732,-0.89453125
7.04,-1.0,0.4051915965883697,0.34057971505875806,-0.96044921875
7.05,-1.0,0.39120970658921245,0.213006797924479,-0.98516845703125
7.0600000000000005,-1.0,0.37736693872003607,0.09757403851699077,-0.9944381713867188
7.07,-1.0,0.36366190869251813,-0.0068738509233823575,-0.9979143142700195
7.08,-1.0,0.35009324599223524,-0.10138221808488598,-0.9992178678512573
7.09,-1.0,0.33665959374161036,-0.18689693275638303,-0.9997067004442215
7.1000000000000005,-1.0,0.32335960856422385,-0.26427385339295373,-0.9998900126665831
7.11,-1.0,0.3101919604504749,-0.33428739281944675,-0.9999587547499686
7.12,-1.0,0.29715533262457927,-0.39763826880026615,-0.9999845330312382
7.13,-1.0,0.28424842141289064,-0.45496051704556084,-0.9999941998867143
7.140000000000001,-1.0,0.2714699361135323,-0.5068278368422127,-0.9999978249575179
7.15,-1.0,0.2588185988673258,-0.5537593328187156,-0.9999991843590692
7.16,-1.0,0.24629314453000384,-0.5962247103093545,-0.999999694134651
7.17,-1.0,0.23389232054569503,-0.6346489763145405,-0.9999998853004941
7.18,-1.0,0.22161488682166708,-0.669416693106008,-0.9999999569876853
7.19,-1.0,0.20945961560431656,-0.7008758270483075,-0.9999999838703819
7.2,-1.0,0.1974252913563925,-0.7293412311568229,-0.9999999939513933
7.21,-1.0,0.18551071063544172,-0.7550977962468618,-0.9999999977317725
7.22,-1.0,0.17371468197346343,-0.7784033022115198,-0.9999999991494146
7.23,-1.0,0.1620360257577616,-0.799490997964816,-0.9999999996810305
7.24,-1.0,0.1504735741129826,-0.8185719358709892,-0.9999999998803865
7.25,-1.0,0.13902617078432672,-0.8358370840236662,-0.999999999955145
7.26,-1.0,0.12769267102192178,-0.8514592375152641,-0.9999999999831793
7.2700000000000005,-1.0,0.1164719414663471,-0.8655947478252177,-0.9999999999936923
7.28,-1.0,0.10536286003529667,-0.8783850876353004,-0.9999999999976346
7.29,-1.0,0.09436431581136999,-0.8899582667332061,-0.9999999999991129
7.3,-1.0,0.08347520893097936,-0.9004301131752074,-0.9999999999996674
7.3100000000000005,-1.0,0.07269445047436263,-0.9099054325301718,-0.9999999999998752
7.32,-1.0,0.06202096235669033,-0.9184790568070192,-0.9999999999999531
7.33,-1.0,0.05145367722025627,-0.9262367935636213,-0.9999999999999825
7.34,-1.0,0.04099153832774088,-0.9332562846961232,-0.9999999999999934
7.3500000000000005,-1.0,0.03063349945653661,-0.9396077835037284,-0.9999999999999976
7.36,-1.0,0.020378524794124782,-0.9453548578060549,-0.9999999999999991
7.37,-1.0,0.010225588834493492,-0.9505550261500861,-0.9999999999999997
7.38,-1.0,0.00017367627558613832,-0.9552603334740786,-0.9999999999999999
7.390000000000001,-1.0,-0.009778218082229626,-0.9595178719898516,-1.0
7.4,-1.0,-0.019631089436682684,-0.9633702524966173,-1.0
7.41,-1.0,-0.029385923083119072,-0.966856030843408,-1.0
7.42,-1.0,-0.03904369451303233,-0.9700100938082722,-1.0
7.43,-1.0,-0.04860536951161344,-0.9728640082562425,-1.0
7.44,-1.0,-0.0580719042543302,-0.9754463370705578,-1.0
7.45,-1.0,-0.06744424540254554,-0.9777829250190808,-1.0
7.46,-1.0,-0.07672333019818442,-0.9798971574169525,-1.0
7.47,-1.0,-0.08591008655745884,-0.9818101941742617,-1.0
7.48,-1.0,-0.09500543316366024,-0.9835411815711536,-1.0
7.49,-1.0,-0.10401027955902856,-0.9851074438798887,-1.0
7.5,-1.0,-0.11292552623570724,-0.9865246567516688,-1.0
7.51,-1.0,-0.12175206472579322,-0.9878070041035381,-1.0
7.5200000000000005,-1.0,-0.13049077769049083,-0.9889673200755351,-1.0
7.53,-1.0,-0.13914253900837867,-0.990017217478847,-1.0
7.54,-1.0,-0.1477082138627982,-0.9909672040205162,-1.0
7.55,-1.0,-0.1561886588283728,-0.9918267874679139,-1.0
7.5600000000000005,-1.0,-0.16458472195666596,-0.9926045708054985,-1.0
7.57,-1.0,-0.17289724286098712,-0.9933083383362202,-1.0
7.58,-1.0,-0.18112705280035368,-0.9939451335892997,-1.0
7.59,-1.0,-0.18927497476261765,-0.994521329814108,-1.0
7.6000000000000005,-1.0,-0.19734182354676505,-0.995042693765673,-1.0
7.61,-1.0,-0.20532840584439657,-0.9955144434201971,-1.0
7.62,-1.0,-0.21323552032039736,-0.9959413001982226,-1.0
7.63,-1.0,-0.22106395769280415,-0.9963275362181092,-1.0
7.640000000000001,-1.0,-0.2288145008118778,-0.9966770170527534,-1.0
7.65,-1.0,-0.23648792473838884,-0.9969932404174707,-1.0
7.66,-1.0,-0.2440849968211244,-0.9972793711762432,-1.0
7.67,-1.0,-0.25160647677362347,-0.997538273016684,-1.0
7.68,-1.0,-0.25905311675014914,-0.9977725371107338,-1.0
7.69,-1.0,-0.2664256614209045,-0.9979845080479336,-1.0
7.7,-1.0,-0.2737248480465003,-0.9981763073008221,-1.0
7.71,-1.0,-0.28095140655168166,-0.9983498544573076,-1.0
7.72,-1.0,-0.2881060595983211,-0.9985068864325141,-1.0
7.73,-1.0,-0.2951895226576854,-0.9986489748523799,-1.0
7.74,-1.0,-0.3022025040819833,-0.9987775417829903,-1.0
7.75,-1.0,-0.30914570517520124,-0.9988938739630665,-1.0
7.76,-1.0,-0.3160198202632345,-0.9989991356820562,-1.0
7.7700000000000005,-1.0,-0.3228255367633202,-0.9990943804327126,-1.0
7.78,-1.0,-0.3295635352527797,-0.9991805614547846,-1.0
7.79,-1.0,-0.3362344895370768,-0.9992585412753436,-1.0
7.8,-1.0,-0.342839066717199,-0.9993291003412288,-1.0
7.8100000000000005,-1.0,-0.349377927256368,-0.9993929448300066,-1.0
7.82,-1.0,-0.35585172504608675,-0.9994507137176211,-1.0
7.83,-1.0,-0.3622611074715289,-0.9995029851734679,-1.0
7.84,-1.0,-0.36860671547627805,-0.9995502823468978,-1.0
7.8500000000000005,-1.0,-0.37488918362642265,-0.9995930786030611,-1.0
7.86,-1.0,-0.381109140174013,-0.9996318022604973,-1.0
7.87,-1.0,-0.387267207119887,-0.9996668408778827,-1.0
7.88,-1.0,-0.39336400027587093,-0.9996985451328412,-1.0
7.890000000000001,-1.0,-0.399400129326361,-0.9997272323316372,-1.0
7.9,-1.0,-0.4053761978892922,-0.9997531895848778,-1.0
7.91,-1.0,-0.41129280357650083,-0.9997766766810069,-1.0
7.92,-1.0,-0.41715053805348606,-0.9997979286863505,-1.0
7.930000000000001,-1.0,-0.42294998709857695,-0.9998171582977357,-1.0
7.94,-1.0,-0.4286917306615108,-0.9998345579712273,-1.0
7.95,-1.0,-0.4343763429214285,-0.9998503018482904,-1.0
7.96,-1.0,-0.4400043923442933,-0.9998645474986525,-1.0
7.97,-1.0,-0.4455764417397373,-0.999877437497312,-1.0
7.98,-1.0,-0.4510930483173435,-0.999889100851474,-1.0
7.99,-1.0,-0.45655476374236664,-0.9998996542916956,-1.0
8.0,1.0,-0.4619621341909006,-0.9999092034401621,-1.0
8.01,1.0,-0.4474153679044963,-0.8095928438677876,0.25
8.02,1.0,-0.43301334436104166,-0.6373874648632193,0.71875
8.03,1.0,-0.4187546233461808,-0.4815695802381732,0.89453125
8.040000000000001,1.0,-0.4046377789759302,-0.34057971505875806,0.96044921875
8.05,1.0,-0.3906613995540889,-0.213006797924479,0.98516845703125
8.06,1.0,-0.37682408743106804,-0.09757403851699077,0.9944381713867188
8.07,1.0,-0.36312445886412437,0.0068738509233823575,0.9979143142700195
8.08,1.0,-0.34956114387898507,0.10138221808488598,0.9992178678512573
8.09,1.0,-0.336132786132849,0.18689693275638303,0.9997067004442215
8.1,1.0,-0.3228380427787515,0.26427385339295373,0.9998900126665831
8.11,1.0,-0.3096755843312783,0.33428739281944675,0.9999587547499686
8.120000000000001,1.0,-0.2966440945336162,0.39763826880026615,0.9999845330312382
8.13,1.0,-0.28374227022592596,0.45496051704556084,0.9999941998867143
8.14,1.0,-0.2709688212150256,0.5068278368422127,0.9999978249575179
8.15,1.0,-0.2583224701453696,0.5537593328187156,0.9999991843590692
8.16,1.0,-0.24580195237131247,0.5962247103093545,0.999999694134651
8.17,1.0,-0.23340601583064333,0.6346489763145405,0.9999998853004941
8.18,1.0,-0.2211334209193783,0.669416693106008,0.9999999569876853
8.19,1.0,-0.20898294036779924,0.7008758270483075,0.9999999838703819
8.2,1.0,-0.1969533591177258,0.7293412311568229,0.9999999939513933
8.21,1.0,-0.18504347420100847,0.7550977962468618,0.9999999977317725
8.22,1.0,-0.17325209461923086,0.7784033022115198,0.9999999991494146
8.23,1.0,-0.16157804122460878,0.799490997964816,0.9999999996810305
8.24,1.0,-0.15002014660207458,0.8185719358709892,0.9999999998803865
8.25,1.0,-0.13857725495253456,0.8358370840236662,0.999999999955145
8.26,1.0,-0.12724822197728822,0.8514592375152641,0.9999999999831793
8.27,1.0,-0.1160319147635973,0.8655947478252177,0.9999999999936923
8.28,1.0,-0.10492721167139367,0.8783850876353004,0.9999999999976346
8.290000000000001,1.0,-0.09393300222111436,0.8899582667332061,0.9999999999991129
8.3,1.0,-0.08304818698265265,0.9004301131752074,0.9999999999996674
8.31,1.0,-0.07227167746541417,0.9099054325301718,0.9999999999998752
8.32,1.0,-0.061602396009466924,0.9184790568070192,0.9999999999999531
8.33,1.0,-0.051039275677774394,0.9262367935636213,0.9999999999999825
8.34,1.0,-0.04058126014950096,0.9332562846961232,0.9999999999999934
8.35,1.0,-0.030227303614378927,0.9396077835037284,0.9999999999999976
8.36,1.0,-0.01997637066812663,0.9453548578060549,0.9999999999999991
8.370000000000001,1.0,-0.009827436208907147,0.9505550261500861,0.9999999999999997
8.38,1.0,0.00022051466518274894,0.9552603334740786,0.9999999999999999
8.39,1.0,0.010168486757603616,0.9595178719898516,1.0
8.4,1.0,0.020017474873854538,0.9633702524966173,1.0
8.41,1.0,0.029768463920954488,0.966856030843408,1.0
8.42,1.0,0.039422429005933866,0.9700100938082722,1.0
8.43,1.0,0.048980335533346006,0.9728640082562425,1.0
8.44,1.0,0.05844313930180843,0.9754463370705578,1.0
8.45,1.0,0.06781178659958353,0.9777829250190808,1.0
8.46,1.0,0.07708721429920816,0.9798971574169525,1.0
8.47,1.0,0.08627034995118166,0.9818101941742617,1.0
8.48,1.0,0.09536211187672172,0.9835411815711536,1.0
8.49,1.0,0.10436340925959724,0.9851074438798887,1.0
8.5,1.0,0.11327514223704746,0.9865246567516688,1.0
8.51,1.0,0.12209820198979644,0.9878070041035381,1.0
8.52,1.0,0.1308334708311719,0.9889673200755351,1.0
8.53,1.0,0.1394818222953372,0.990017217478847,1.0
8.540000000000001,1.0,0.14804412122464564,0.9909672040205162,1.0
8.55,1.0,0.15652122385612527,0.9918267874679139,1.0
8.56,1.0,0.16491397790710335,0.9926045708054985,1.0
8.57,1.0,0.17322322265997886,0.9933083383362202,1.0
8.58,1.0,0.1814497890461513,0.9939451335892997,1.0
8.59,1.0,0.18959449972911468,0.994521329814108,1.0
8.6,1.0,0.1976581691867244,0.995042693765673,1.0
8.61,1.0,0.20564160379264587,0.9955144434201971,1.0
8.620000000000001,1.0,0.21354560189699243,0.9959413001982226,1.0
8.63,1.0,0.22137095390616104,0.9963275362181092,1.0
8.64,1.0,0.22911844236187365,0.9966770170527534,1.0
8.65,1.0,0.23678884201943196,0.9969932404174707,1.0
8.66,1.0,0.24438291992519362,0.9972793711762432,1.0
8.67,1.0,0.2519014354932775,0.997538273016684,1.0
8.68,1.0,0.2593451405815057,0.9977725371107338,1.0
8.69,1.0,0.2667147795665901,0.9979845080479336,1.0
8.700000000000001,1.0,0.27401108941857044,0.9981763073008221,1.0
8.71,1.0,0.28123479977451205,0.9983498544573076,1.0
8.72,1.0,0.28838663301147016,0.9985068864325141,1.0
8.73,1.0,0.2954673043187283,0.9986489748523799,1.0
8.74,1.0,0.30247752176931764,0.9987775417829903,1.0
8.75,1.0,0.3094179863908249,0.9988938739630665,1.0
8.76,1.0,0.31628939223549596,0.9989991356820562,1.0
8.77,1.0,0.3230924264496413,0.9990943804327126,1.0
8.78,1.0,0.3298277693423515,0.9991805614547846,1.0
8.790000000000001,1.0,0.3364960944535284,0.9992585412753436,1.0
8.8,1.0,0.3430980686212401,0.9993291003412288,1.0
8.81,1.0,0.3496343520484049,0.9993929448300066,1.0
8.82,1.0,0.3561055983688122,0.9994507137176211,1.0
8.83,1.0,0.36251245471248683,0.9995029851734679,1.0
8.84,1.0,0.368855561770402,0.9995502823468978,1.0
8.85,1.0,0.37513555385854935,0.9995930786030611,1.0
8.86,1.0,0.38135305898137095,0.9996318022604973,1.0
8.870000000000001,1.0,0.38750869889456024,0.9996668408778827,1.0
8.88,1.0,0.3936030891672382,0.9996985451328412,1.0
8.89,1.0,0.39963683924351057,0.9997272323316372,1.0
8.9,1.0,0.4056105525034131,0.9997531895848778,1.0
8.91,1.0,0.41152482632324977,0.9997766766810069,1.0
8.92,1.0,0.41738025213533103,0.9997979286863505,1.0
8.93,1.0,0.42317741548711757,0.9998171582977357,1.0
8.94,1.0,0.4289168960997754,0.9998345579712273,1.0
8.950000000000001,1.0,0.43459926792614867,0.9998503018482904,1.0
8.96,1.0,0.4402250992081552,0.9998645474986525,1.0
8.97,1.0,0.44579495253361134,0.999877437497312,1.0
8.98,1.0,0.45130938489249106,0.999889100851474,1.0
8.99,1.0,0.45676894773262555,0.9998996542916956,1.0
9.0,-1.0,0.46217418701484836,0.9999092034401621,1.0
9.01,-1.0,0.44762531076759204,0.8095928438677876,-0.25
9.02,-1.0,0.4332211982577466,0.6373874648632193,-0.71875
9.03,-1.0,0.4189604090620578,0.4815695802381732,-0.89453125
9.040000000000001,-1.0,0.4048415170897223,0.34057971505875806,-0.96044921875
9.05,-1.0,0.3908631104397774,0.213006797924479,-0.98516845703125
9.06,-1.0,0.3770237912599095,0.09757403851699077,-0.9944381713867188
9.07,-1.0,0.3633221756066681,-0.0068738509233823575,-0.9979143142700195
9.08,-1.0,0.34975689330707005,-0.10138221808488598,-0.9992178678512573
9.09,-1.0,0.3363265878215812,-0.18689693275638303,-0.9997067004442215
9.1,-1.0,0.32302991610846127,-0.26427385339295373,-0.9998900126665831
9.11,-1.0,0.3098655484894585,-0.33428739281944675,-0.9999587547499686
9.120000000000001,-1.0,0.29683216851684097,-0.39763826880026615,-0.9999845330312382
9.13,-1.0,0.2839284728417504,-0.45496051704556084,-0.9999941998867143
9.14,-1.0,0.27115317108386633,-0.5068278368422127,-0.9999978249575179
9.15,-1.0,0.2585049857023672,-0.5537593328187156,-0.9999991843590692
9.16,-1.0,0.24598265186817475,-0.5962247103093545,-0.999999694134651
9.17,-1.0,0.23358491733747053,-0.6346489763145405,-0.9999998853004941
9.18,-1.0,0.22131054232647018,-0.669416693106008,-0.9999999569876853
9.19,-1.0,0.20915829938744415,-0.7008758270483075,-0.9999999838703819
9.200000000000001,-1.0,0.1971269732859718,-0.7293412311568229,-0.9999999939513933
9.21,-1.0,0.1852153608794171,-0.7550977962468618,-0.9999999977317725
9.22,-1.0,0.17342227099661314,-0.7784033022115198,-0.9999999991494146
9.23,-1.0,0.16174652431874428,-0.799490997964816,-0.9999999996810305
9.24,-1.0,0.1501869532614131,-0.8185719358709892,-0.9999999998803865
9.25,-1.0,0.13874240185788106,-0.8358370840236662,-0.999999999955145
9.26,-1.0,0.12741172564347084,-0.8514592375152641,-0.9999999999831793
9.27,-1.0,0.11619379154111892,-0.8655947478252177,-0.9999999999936923
9.28,-1.0,0.10508747774806694,-0.8783850876353004,-0.9999999999976346
9.290000000000001,-1.0,0.0940916736236805,-0.8899582667332061,-0.9999999999991129
9.3,-1.0,0.08320527957838414,-0.9004301131752074,-0.9999999999996674
9.31,-1.0,0.07242720696370149,-0.9099054325301718,-0.9999999999998752
9.32,-1.0,0.0617563779633895,-0.9184790568070192,-0.9999999999999531
9.33,-1.0,0.05119172548565594,-0.9262367935636213,-0.9999999999999825
9.34,-1.0,0.0407321930564493,-0.9332562846961232,-0.9999999999999934
9.35,-1.0,0.030376734713810537,-0.9396077835037284,-0.9999999999999976
9.36,-1.0,0.020124314903275976,-0.9453548578060549,-0.9999999999999991
9.370000000000001,-1.0,0.009973908374321027,-0.9505550261500861,-0.9999999999999997
9.38,-1.0,-7.54999221657341e-05,-0.9552603334740786,-0.9999999999999999
9.39,-1.0,-0.010024914935388323,-0.9595178719898516,-1.0
9.4,-1.0,-0.019875331615139102,-0.9633702524966173,-1.0
9.41,-1.0,-0.029627735011294586,-0.966856030843408,-1.0
9.42,-1.0,-0.03928310037232126,-0.9700100938082722,-1.0
9.43,-1.0,-0.04884239324280123,-0.9728640082562425,-1.0
9.44,-1.0,-0.05830656955998748,-0.9754463370705578,-1.0
9.450000000000001,-1.0,-0.06767657574939842,-0.9777829250190808,-1.0
9.46,-1.0,-0.07695334881946118,-0.9798971574169525,-1.0
9.47,-1.0,-0.0861378164552133,-0.9818101941742617,-1.0
9.48,-1.0,-0.09523089711107195,-0.9835411815711536,-1.0
9.49,-1.0,-0.10423350010268015,-0.9851074438798887,-1.0
9.5,-1.0,-0.11314652569783909,-0.9865246567516688,-1.0
9.51,-1.0,-0.12197086520653569,-0.9878070041035381,-1.0
9.52,-1.0,-0.1307074010700743,-0.9889673200755351,-1.0
9.53,-1.0,-0.13935700694932163,-0.990017217478847,-1.0
9.540000000000001,-1.0,-0.14792054781207348,-0.9909672040205162,-1.0
9.55,-1.0,-0.15639888001955227,-0.9918267874679139,-1.0
9.56,-1.0,-0.16479285141204392,-0.9926045708054985,-1.0
9.57,-1.0,-0.17310330139368255,-0.9933083383362202,-1.0
9.58,-1.0,-0.18133106101639154,-0.9939451335892997,-1.0
9.59,-1.0,-0.18947695306298956,-0.994521329814108,-1.0
9.6,-1.0,-0.19754179212946937,-0.995042693765673,-1.0
9.61,-1.0,-0.2055263847064582,-0.9955144434201971,-1.0
9.620000000000001,-1.0,-0.2134315292598675,-0.9959413001982226,-1.0
9.63,-1.0,-0.22125801631074007,-0.9963275362181092,-1.0
9.64,-1.0,-0.229006628514303,-0.9966770170527534,-1.0
9.65,-1.0,-0.2366781407382337,-0.9969932404174707,-1.0
9.66,-1.0,-0.24427332014014738,-0.9972793711762432,-1.0
9.67,-1.0,-0.25179292624431343,-0.997538273016684,-1.0
9.68,-1.0,-0.2592377110176085,-0.9977725371107338,-1.0
9.69,-1.0,-0.2666084189447138,-0.9979845080479336,-1.0
9.700000000000001,-1.0,-0.27390578710256425,-0.9981763073008221,-1.0
9.71,-1.0,-0.2811305452340566,-0.9983498544573076,-1.0
9.72,-1.0,-0.2882834158210246,-0.9985068864325141,-1.0
9.73,-1.0,-0.29536511415648753,-0.9986489748523799,-1.0
9.74,-1.0,-0.3023763484161803,-0.9987775417829903,-1.0
9.75,-1.0,-0.30931781972937133,-0.9988938739630665,-1.0
9.76,-1.0,-0.3161902222489766,-0.9989991356820562,-1.0
9.77,-1.0,-0.3229942432209748,-0.9990943804327126,-1.0
9.78,-1.0,-0.3297305630531332,-0.9991805614547846,-1.0
9.790000000000001,-1.0,-0.3363998553830484,-0.9992585412753436,-1.0
9.8,-1.0,-0.34300278714551113,-0.9993291003412288,-1.0
9.81,-1.0,-0.3495400186391999,-0.9993929448300066,-1.0
9.82,-1.0,-0.3560122035927118,-0.9994507137176211,-1.0
9.83,-1.0,-0.36241998922993546,-0.9995029851734679,-1.0
9.84,-1.0,-0.3687640163347744,-0.9995502823468978,-1.0
9.85,-1.0,-0.37504491931522566,-0.9995930786030611,-1.0
9.86,-1.0,-0.3812633262668213,-0.9996318022604973,-1.0
9.870000000000001,-1.0,-0.38741985903543846,-0.9996668408778827,-1.0
9.88,-1.0,-0.3935151332794843,-0.9996985451328412,-1.0
9.89,-1.0,-0.3995497585314625,-0.9997272323316372,-1.0
9.9,-1.0,-0.4055243382589271,-0.9997531895848778,-1.0
9.91,-1.0,-0.41143946992482955,-0.9997766766810069,-1.0
9.92,-1.0,-0.41729574504726563,-0.9997979286863505,-1.0
9.93,-1.0,-0.42309374925862775,-0.9998171582977357,-1.0
9.94,-1.0,-0.4288340623641686,-0.9998345579712273,-1.0
9.950000000000001,-1.0,-0.43451725839998223,-0.9998503018482904,-1.0
9.96,-1.0,-0.4401439056904082,-0.9998645474986525,-1.0
9.97,-1.0,-0.4457145669048643,-0.999877437497312,-1.0
9.98,-1.0,-0.45122979911411415,-0.999889100851474,-1.0
9.99,-1.0,-0.4566901538459746,-0.9998996542916956,-1.0
10.0,1.0,-0.4620961771404691,-0.9999092034401621,-1.0
